,file_name
0,2019-05-11T13_00_00.000Z.json
1,2019-01-09T05_00_00.000Z.json
2,2019-02-20T21_00_00.000Z.json
3,2019-04-26T05_00_00.000Z.json
4,2019-01-24T13_00_00.000Z.json
5,2019-06-15T21_00_00.000Z.json
6,2019-07-02T21_00_00.000Z.json
7,2019-01-04T05_00_00.000Z.json
8,2019-01-29T13_00_00.000Z.json
9,2019-05-31T05_00_00.000Z.json
10,2019-06-18T21_00_00.000Z.json
11,2019-04-06T13_00_00.000Z.json
12,2019-03-07T13_00_00.000Z.json
13,2019-06-28T13_00_00.000Z.json
14,2019-01-19T21_00_00.000Z.json
15,2019-06-05T05_00_00.000Z.json
16,2019-06-25T13_00_00.000Z.json
17,2019-01-14T21_00_00.000Z.json
18,2019-07-12T05_00_00.000Z.json
19,2019-03-27T05_00_00.000Z.json
20,2019-02-10T13_00_00.000Z.json
21,2019-06-08T05_00_00.000Z.json
22,2019-05-21T21_00_00.000Z.json
23,2019-05-21T05_00_00.000Z.json
24,2019-06-08T21_00_00.000Z.json
25,2019-03-27T21_00_00.000Z.json
26,2019-04-16T13_00_00.000Z.json
27,2019-07-12T21_00_00.000Z.json
28,2019-01-14T05_00_00.000Z.json
29,2019-06-05T21_00_00.000Z.json
30,2019-01-19T05_00_00.000Z.json
31,2019-05-01T13_00_00.000Z.json
32,2019-06-18T05_00_00.000Z.json
33,2019-05-31T21_00_00.000Z.json
34,2019-01-04T21_00_00.000Z.json
35,2019-07-02T05_00_00.000Z.json
36,2019-06-15T05_00_00.000Z.json
37,2019-07-22T13_00_00.000Z.json
38,2019-04-26T21_00_00.000Z.json
39,2019-03-17T13_00_00.000Z.json
40,2019-02-20T05_00_00.000Z.json
41,2019-01-09T21_00_00.000Z.json
42,2019-06-05T13_00_00.000Z.json
43,2019-05-01T21_00_00.000Z.json
44,2019-06-28T05_00_00.000Z.json
45,2019-03-07T05_00_00.000Z.json
46,2019-02-10T05_00_00.000Z.json
47,2019-06-08T13_00_00.000Z.json
48,2019-04-16T21_00_00.000Z.json
49,2019-03-27T13_00_00.000Z.json
50,2019-07-12T13_00_00.000Z.json
51,2019-06-25T05_00_00.000Z.json
52,2019-01-24T05_00_00.000Z.json
53,2019-07-22T21_00_00.000Z.json
54,2019-03-17T21_00_00.000Z.json
55,2019-04-26T13_00_00.000Z.json
56,2019-05-11T05_00_00.000Z.json
57,2019-01-09T13_00_00.000Z.json
58,2019-04-06T05_00_00.000Z.json
59,2019-01-29T05_00_00.000Z.json
60,2019-05-31T13_00_00.000Z.json
61,2019-01-04T13_00_00.000Z.json
62,2019-07-02T13_00_00.000Z.json
63,2019-06-18T13_00_00.000Z.json
64,2019-01-29T21_00_00.000Z.json
65,2019-04-06T21_00_00.000Z.json
66,2019-02-20T13_00_00.000Z.json
67,2019-05-11T21_00_00.000Z.json
68,2019-03-17T05_00_00.000Z.json
69,2019-07-22T05_00_00.000Z.json
70,2019-06-15T13_00_00.000Z.json
71,2019-01-24T21_00_00.000Z.json
72,2019-01-14T13_00_00.000Z.json
73,2019-06-25T21_00_00.000Z.json
74,2019-04-16T05_00_00.000Z.json
75,2019-05-21T13_00_00.000Z.json
76,2019-02-10T21_00_00.000Z.json
77,2019-03-07T21_00_00.000Z.json
78,2019-01-19T13_00_00.000Z.json
79,2019-06-28T21_00_00.000Z.json
80,2019-05-01T05_00_00.000Z.json
81,2019-02-24T09_00_00.000Z.json
82,2019-03-14T05_00_00.000Z.json
83,2019-05-12T21_00_00.000Z.json
84,2019-02-23T13_00_00.000Z.json
85,2019-01-27T21_00_00.000Z.json
86,2019-06-16T13_00_00.000Z.json
87,2019-07-21T05_00_00.000Z.json
88,2019-04-08T21_00_00.000Z.json
89,2019-03-19T05_00_00.000Z.json
90,2019-07-01T13_00_00.000Z.json
91,2019-04-05T21_00_00.000Z.json
92,2019-02-03T05_00_00.000Z.json
93,2019-05-02T05_00_00.000Z.json
94,2019-03-04T21_00_00.000Z.json
95,2019-04-18T05_00_00.000Z.json
96,2019-07-31T21_00_00.000Z.json
97,2019-03-09T21_00_00.000Z.json
98,2019-06-26T21_00_00.000Z.json
99,2019-01-17T13_00_00.000Z.json
100,2019-02-13T21_00_00.000Z.json
101,2019-05-22T13_00_00.000Z.json
102,2019-04-15T05_00_00.000Z.json
103,2019-03-24T13_00_00.000Z.json
104,2019-04-15T21_00_00.000Z.json
105,2019-02-13T05_00_00.000Z.json
106,2019-06-26T05_00_00.000Z.json
107,2019-07-11T13_00_00.000Z.json
108,2019-03-09T05_00_00.000Z.json
109,2019-06-06T13_00_00.000Z.json
110,2019-03-29T13_00_00.000Z.json
111,2019-07-31T05_00_00.000Z.json
112,2019-04-18T21_00_00.000Z.json
113,2019-03-04T05_00_00.000Z.json
114,2019-05-02T21_00_00.000Z.json
115,2019-02-03T21_00_00.000Z.json
116,2019-04-05T05_00_00.000Z.json
117,2019-04-28T13_00_00.000Z.json
118,2019-03-19T21_00_00.000Z.json
119,2019-01-07T13_00_00.000Z.json
120,2019-04-08T05_00_00.000Z.json
121,2019-07-21T21_00_00.000Z.json
122,2019-02-24T17_00_00.000Z.json
123,2019-01-27T05_00_00.000Z.json
124,2019-05-12T05_00_00.000Z.json
125,2019-04-25T13_00_00.000Z.json
126,2019-03-14T21_00_00.000Z.json
127,2019-06-06T21_00_00.000Z.json
128,2019-04-18T13_00_00.000Z.json
129,2019-03-29T21_00_00.000Z.json
130,2019-05-02T13_00_00.000Z.json
131,2019-04-15T13_00_00.000Z.json
132,2019-03-24T21_00_00.000Z.json
133,2019-05-22T05_00_00.000Z.json
134,2019-01-17T05_00_00.000Z.json
135,2019-07-11T21_00_00.000Z.json
136,2019-07-21T13_00_00.000Z.json
137,2019-06-16T05_00_00.000Z.json
138,2019-02-23T05_00_00.000Z.json
139,2019-03-14T13_00_00.000Z.json
140,2019-04-25T21_00_00.000Z.json
141,2019-02-03T13_00_00.000Z.json
142,2019-03-19T13_00_00.000Z.json
143,2019-04-28T21_00_00.000Z.json
144,2019-07-01T05_00_00.000Z.json
145,2019-01-07T21_00_00.000Z.json
146,2019-01-07T05_00_00.000Z.json
147,2019-07-01T21_00_00.000Z.json
148,2019-04-28T05_00_00.000Z.json
149,2019-04-05T13_00_00.000Z.json
150,2019-04-25T05_00_00.000Z.json
151,2019-02-23T21_00_00.000Z.json
152,2019-05-12T13_00_00.000Z.json
153,2019-06-16T21_00_00.000Z.json
154,2019-01-27T13_00_00.000Z.json
155,2019-04-08T13_00_00.000Z.json
156,2019-07-11T05_00_00.000Z.json
157,2019-03-09T13_00_00.000Z.json
158,2019-01-17T21_00_00.000Z.json
159,2019-06-26T13_00_00.000Z.json
160,2019-05-22T21_00_00.000Z.json
161,2019-02-13T13_00_00.000Z.json
162,2019-03-24T05_00_00.000Z.json
163,2019-03-04T13_00_00.000Z.json
164,2019-03-29T05_00_00.000Z.json
165,2019-07-31T13_00_00.000Z.json
166,2019-06-06T05_00_00.000Z.json
167,2019-03-12T13_00_00.000Z.json
168,2019-04-23T21_00_00.000Z.json
169,2019-02-25T05_00_00.000Z.json
170,2019-02-08T13_00_00.000Z.json
171,2019-06-10T05_00_00.000Z.json
172,2019-07-27T13_00_00.000Z.json
173,2019-06-30T13_00_00.000Z.json
174,2019-01-01T21_00_00.000Z.json
175,2019-02-28T05_00_00.000Z.json
176,2019-07-07T05_00_00.000Z.json
177,2019-02-05T13_00_00.000Z.json
178,2019-05-04T13_00_00.000Z.json
179,2019-01-31T13_00_00.000Z.json
180,2019-05-29T05_00_00.000Z.json
181,2019-07-17T21_00_00.000Z.json
182,2019-05-09T13_00_00.000Z.json
183,2019-01-11T05_00_00.000Z.json
184,2019-05-24T05_00_00.000Z.json
185,2019-04-13T13_00_00.000Z.json
186,2019-03-22T21_00_00.000Z.json
187,2019-03-22T05_00_00.000Z.json
188,2019-05-24T21_00_00.000Z.json
189,2019-02-15T13_00_00.000Z.json
190,2019-01-11T21_00_00.000Z.json
191,2019-06-20T13_00_00.000Z.json
192,2019-07-17T05_00_00.000Z.json
193,2019-05-29T21_00_00.000Z.json
194,2019-02-18T13_00_00.000Z.json
195,2019-03-02T13_00_00.000Z.json
196,2019-04-03T13_00_00.000Z.json
197,2019-07-07T21_00_00.000Z.json
198,2019-02-28T21_00_00.000Z.json
199,2019-01-01T05_00_00.000Z.json
200,2019-05-19T13_00_00.000Z.json
201,2019-06-10T21_00_00.000Z.json
202,2019-01-21T13_00_00.000Z.json
203,2019-02-25T21_00_00.000Z.json
204,2019-05-14T13_00_00.000Z.json
205,2019-04-23T05_00_00.000Z.json
206,2019-01-31T05_00_00.000Z.json
207,2019-02-18T21_00_00.000Z.json
208,2019-05-29T13_00_00.000Z.json
209,2019-03-02T21_00_00.000Z.json
210,2019-05-04T05_00_00.000Z.json
211,2019-04-13T05_00_00.000Z.json
212,2019-02-15T21_00_00.000Z.json
213,2019-05-24T13_00_00.000Z.json
214,2019-05-09T05_00_00.000Z.json
215,2019-06-20T21_00_00.000Z.json
216,2019-01-11T13_00_00.000Z.json
217,2019-07-27T05_00_00.000Z.json
218,2019-02-08T05_00_00.000Z.json
219,2019-01-21T21_00_00.000Z.json
220,2019-06-10T13_00_00.000Z.json
221,2019-05-14T21_00_00.000Z.json
222,2019-02-25T13_00_00.000Z.json
223,2019-03-12T05_00_00.000Z.json
224,2019-02-05T05_00_00.000Z.json
225,2019-04-03T21_00_00.000Z.json
226,2019-07-07T13_00_00.000Z.json
227,2019-06-30T05_00_00.000Z.json
228,2019-05-19T21_00_00.000Z.json
229,2019-02-28T13_00_00.000Z.json
230,2019-01-01T13_00_00.000Z.json
231,2019-05-19T05_00_00.000Z.json
232,2019-06-30T21_00_00.000Z.json
233,2019-04-03T05_00_00.000Z.json
234,2019-02-05T21_00_00.000Z.json
235,2019-04-23T13_00_00.000Z.json
236,2019-03-12T21_00_00.000Z.json
237,2019-05-14T05_00_00.000Z.json
238,2019-01-21T05_00_00.000Z.json
239,2019-02-08T21_00_00.000Z.json
240,2019-07-27T21_00_00.000Z.json
241,2019-07-17T13_00_00.000Z.json
242,2019-06-20T05_00_00.000Z.json
243,2019-05-09T21_00_00.000Z.json
244,2019-02-15T05_00_00.000Z.json
245,2019-03-22T13_00_00.000Z.json
246,2019-04-13T21_00_00.000Z.json
247,2019-05-04T21_00_00.000Z.json
248,2019-03-02T05_00_00.000Z.json
249,2019-02-18T05_00_00.000Z.json
250,2019-01-31T21_00_00.000Z.json
251,2019-05-17T05_00_00.000Z.json
252,2019-03-11T21_00_00.000Z.json
253,2019-04-20T13_00_00.000Z.json
254,2019-07-24T21_00_00.000Z.json
255,2019-01-22T05_00_00.000Z.json
256,2019-01-02T13_00_00.000Z.json
257,2019-02-06T21_00_00.000Z.json
258,2019-07-29T21_00_00.000Z.json
259,2019-03-01T05_00_00.000Z.json
260,2019-07-19T13_00_00.000Z.json
261,2019-05-07T21_00_00.000Z.json
262,2019-06-03T13_00_00.000Z.json
263,2019-06-23T05_00_00.000Z.json
264,2019-07-14T13_00_00.000Z.json
265,2019-04-10T21_00_00.000Z.json
266,2019-03-21T13_00_00.000Z.json
267,2019-02-16T05_00_00.000Z.json
268,2019-05-27T13_00_00.000Z.json
269,2019-02-16T21_00_00.000Z.json
270,2019-04-10T05_00_00.000Z.json
271,2019-01-12T13_00_00.000Z.json
272,2019-06-23T21_00_00.000Z.json
273,2019-05-07T05_00_00.000Z.json
274,2019-04-30T13_00_00.000Z.json
275,2019-03-01T21_00_00.000Z.json
276,2019-03-31T13_00_00.000Z.json
277,2019-07-29T05_00_00.000Z.json
278,2019-02-06T05_00_00.000Z.json
279,2019-07-04T13_00_00.000Z.json
280,2019-06-13T13_00_00.000Z.json
281,2019-01-22T21_00_00.000Z.json
282,2019-07-24T05_00_00.000Z.json
283,2019-07-09T13_00_00.000Z.json
284,2019-03-11T05_00_00.000Z.json
285,2019-02-26T13_00_00.000Z.json
286,2019-05-17T21_00_00.000Z.json
287,2019-06-03T05_00_00.000Z.json
288,2019-03-01T13_00_00.000Z.json
289,2019-07-19T05_00_00.000Z.json
290,2019-04-30T21_00_00.000Z.json
291,2019-02-16T13_00_00.000Z.json
292,2019-05-27T21_00_00.000Z.json
293,2019-03-21T05_00_00.000Z.json
294,2019-07-14T05_00_00.000Z.json
295,2019-06-23T13_00_00.000Z.json
296,2019-01-12T21_00_00.000Z.json
297,2019-01-22T13_00_00.000Z.json
298,2019-06-13T21_00_00.000Z.json
299,2019-04-20T05_00_00.000Z.json
300,2019-07-09T21_00_00.000Z.json
301,2019-05-17T13_00_00.000Z.json
302,2019-02-26T21_00_00.000Z.json
303,2019-03-31T21_00_00.000Z.json
304,2019-01-02T05_00_00.000Z.json
305,2019-07-04T21_00_00.000Z.json
306,2019-07-04T05_00_00.000Z.json
307,2019-01-02T21_00_00.000Z.json
308,2019-02-06T13_00_00.000Z.json
309,2019-03-31T05_00_00.000Z.json
310,2019-07-29T13_00_00.000Z.json
311,2019-02-26T05_00_00.000Z.json
312,2019-07-09T05_00_00.000Z.json
313,2019-04-20T21_00_00.000Z.json
314,2019-03-11T13_00_00.000Z.json
315,2019-07-24T13_00_00.000Z.json
316,2019-06-13T05_00_00.000Z.json
317,2019-01-12T05_00_00.000Z.json
318,2019-07-14T21_00_00.000Z.json
319,2019-03-21T21_00_00.000Z.json
320,2019-04-10T13_00_00.000Z.json
321,2019-05-27T05_00_00.000Z.json
322,2019-04-30T05_00_00.000Z.json
323,2019-07-19T21_00_00.000Z.json
324,2019-05-07T13_00_00.000Z.json
325,2019-06-03T21_00_00.000Z.json
326,2019-01-13T13_00_00.000Z.json
327,2019-06-22T21_00_00.000Z.json
328,2019-04-11T05_00_00.000Z.json
329,2019-05-26T13_00_00.000Z.json
330,2019-02-17T21_00_00.000Z.json
331,2019-05-06T05_00_00.000Z.json
332,2019-07-05T13_00_00.000Z.json
333,2019-02-07T05_00_00.000Z.json
334,2019-03-30T13_00_00.000Z.json
335,2019-07-28T05_00_00.000Z.json
336,2019-04-01T21_00_00.000Z.json
337,2019-02-27T13_00_00.000Z.json
338,2019-05-16T21_00_00.000Z.json
339,2019-07-08T13_00_00.000Z.json
340,2019-03-10T05_00_00.000Z.json
341,2019-07-25T05_00_00.000Z.json
342,2019-06-12T13_00_00.000Z.json
343,2019-01-23T21_00_00.000Z.json
344,2019-01-23T05_00_00.000Z.json
345,2019-07-25T21_00_00.000Z.json
346,2019-03-10T21_00_00.000Z.json
347,2019-04-21T13_00_00.000Z.json
348,2019-05-16T05_00_00.000Z.json
349,2019-04-01T05_00_00.000Z.json
350,2019-07-28T21_00_00.000Z.json
351,2019-02-07T21_00_00.000Z.json
352,2019-01-03T13_00_00.000Z.json
353,2019-06-02T13_00_00.000Z.json
354,2019-05-06T21_00_00.000Z.json
355,2019-07-18T13_00_00.000Z.json
356,2019-02-17T05_00_00.000Z.json
357,2019-04-11T21_00_00.000Z.json
358,2019-03-20T13_00_00.000Z.json
359,2019-07-15T13_00_00.000Z.json
360,2019-06-22T05_00_00.000Z.json
361,2019-03-30T05_00_00.000Z.json
362,2019-07-28T13_00_00.000Z.json
363,2019-02-07T13_00_00.000Z.json
364,2019-01-03T21_00_00.000Z.json
365,2019-07-05T05_00_00.000Z.json
366,2019-06-12T05_00_00.000Z.json
367,2019-07-25T13_00_00.000Z.json
368,2019-04-21T21_00_00.000Z.json
369,2019-07-08T05_00_00.000Z.json
370,2019-03-10T13_00_00.000Z.json
371,2019-02-27T05_00_00.000Z.json
372,2019-05-26T05_00_00.000Z.json
373,2019-03-20T21_00_00.000Z.json
374,2019-04-11T13_00_00.000Z.json
375,2019-07-15T21_00_00.000Z.json
376,2019-01-13T05_00_00.000Z.json
377,2019-06-02T21_00_00.000Z.json
378,2019-05-06T13_00_00.000Z.json
379,2019-07-18T21_00_00.000Z.json
380,2019-07-18T05_00_00.000Z.json
381,2019-06-02T05_00_00.000Z.json
382,2019-06-22T13_00_00.000Z.json
383,2019-01-13T21_00_00.000Z.json
384,2019-07-15T05_00_00.000Z.json
385,2019-03-20T05_00_00.000Z.json
386,2019-02-17T13_00_00.000Z.json
387,2019-05-26T21_00_00.000Z.json
388,2019-05-16T13_00_00.000Z.json
389,2019-02-27T21_00_00.000Z.json
390,2019-07-08T21_00_00.000Z.json
391,2019-04-21T05_00_00.000Z.json
392,2019-01-23T13_00_00.000Z.json
393,2019-06-12T21_00_00.000Z.json
394,2019-07-05T21_00_00.000Z.json
395,2019-01-03T05_00_00.000Z.json
396,2019-04-01T13_00_00.000Z.json
397,2019-03-30T21_00_00.000Z.json
398,2019-07-16T05_00_00.000Z.json
399,2019-01-10T21_00_00.000Z.json
400,2019-06-21T13_00_00.000Z.json
401,2019-05-25T21_00_00.000Z.json
402,2019-02-14T13_00_00.000Z.json
403,2019-03-23T05_00_00.000Z.json
404,2019-03-03T13_00_00.000Z.json
405,2019-06-01T05_00_00.000Z.json
406,2019-05-28T21_00_00.000Z.json
407,2019-02-19T13_00_00.000Z.json
408,2019-05-18T13_00_00.000Z.json
409,2019-07-06T21_00_00.000Z.json
410,2019-04-02T13_00_00.000Z.json
411,2019-04-22T05_00_00.000Z.json
412,2019-02-24T21_00_00.000Z.json
413,2019-05-15T13_00_00.000Z.json
414,2019-06-11T21_00_00.000Z.json
415,2019-01-20T13_00_00.000Z.json
416,2019-07-26T13_00_00.000Z.json
417,2019-02-09T13_00_00.000Z.json
418,2019-06-11T05_00_00.000Z.json
419,2019-02-24T05_00_00.000Z.json
420,2019-03-13T13_00_00.000Z.json
421,2019-04-22T21_00_00.000Z.json
422,2019-02-04T13_00_00.000Z.json
423,2019-07-06T05_00_00.000Z.json
424,2019-01-30T13_00_00.000Z.json
425,2019-05-28T05_00_00.000Z.json
426,2019-06-01T21_00_00.000Z.json
427,2019-05-05T13_00_00.000Z.json
428,2019-04-12T13_00_00.000Z.json
429,2019-03-23T21_00_00.000Z.json
430,2019-05-25T05_00_00.000Z.json
431,2019-05-08T13_00_00.000Z.json
432,2019-01-10T05_00_00.000Z.json
433,2019-07-16T21_00_00.000Z.json
434,2019-02-04T21_00_00.000Z.json
435,2019-04-02T05_00_00.000Z.json
436,2019-05-18T05_00_00.000Z.json
437,2019-07-26T21_00_00.000Z.json
438,2019-02-09T21_00_00.000Z.json
439,2019-01-20T05_00_00.000Z.json
440,2019-05-15T05_00_00.000Z.json
441,2019-04-22T13_00_00.000Z.json
442,2019-03-13T21_00_00.000Z.json
443,2019-03-23T13_00_00.000Z.json
444,2019-04-12T21_00_00.000Z.json
445,2019-02-14T05_00_00.000Z.json
446,2019-05-08T21_00_00.000Z.json
447,2019-06-21T05_00_00.000Z.json
448,2019-07-16T13_00_00.000Z.json
449,2019-06-01T13_00_00.000Z.json
450,2019-01-30T21_00_00.000Z.json
451,2019-02-19T05_00_00.000Z.json
452,2019-03-03T05_00_00.000Z.json
453,2019-05-05T21_00_00.000Z.json
454,2019-05-05T05_00_00.000Z.json
455,2019-03-03T21_00_00.000Z.json
456,2019-02-19T21_00_00.000Z.json
457,2019-01-30T05_00_00.000Z.json
458,2019-05-28T13_00_00.000Z.json
459,2019-06-21T21_00_00.000Z.json
460,2019-05-08T05_00_00.000Z.json
461,2019-01-10T13_00_00.000Z.json
462,2019-02-14T21_00_00.000Z.json
463,2019-05-25T13_00_00.000Z.json
464,2019-04-12T05_00_00.000Z.json
465,2019-03-13T05_00_00.000Z.json
466,2019-05-15T21_00_00.000Z.json
467,2019-02-24T13_00_00.000Z.json
468,2019-01-20T21_00_00.000Z.json
469,2019-02-09T05_00_00.000Z.json
470,2019-06-11T13_00_00.000Z.json
471,2019-07-26T05_00_00.000Z.json
472,2019-05-18T21_00_00.000Z.json
473,2019-07-06T13_00_00.000Z.json
474,2019-04-02T21_00_00.000Z.json
475,2019-02-04T05_00_00.000Z.json
476,2019-07-10T13_00_00.000Z.json
477,2019-03-08T05_00_00.000Z.json
478,2019-06-27T05_00_00.000Z.json
479,2019-02-12T05_00_00.000Z.json
480,2019-03-25T13_00_00.000Z.json
481,2019-04-14T21_00_00.000Z.json
482,2019-05-03T21_00_00.000Z.json
483,2019-03-05T05_00_00.000Z.json
484,2019-03-28T13_00_00.000Z.json
485,2019-04-19T21_00_00.000Z.json
486,2019-07-30T05_00_00.000Z.json
487,2019-06-07T13_00_00.000Z.json
488,2019-01-06T13_00_00.000Z.json
489,2019-04-29T13_00_00.000Z.json
490,2019-03-18T21_00_00.000Z.json
491,2019-04-04T05_00_00.000Z.json
492,2019-02-02T21_00_00.000Z.json
493,2019-04-24T13_00_00.000Z.json
494,2019-03-15T21_00_00.000Z.json
495,2019-05-13T05_00_00.000Z.json
496,2019-01-26T05_00_00.000Z.json
497,2019-07-20T21_00_00.000Z.json
498,2019-04-09T05_00_00.000Z.json
499,2019-04-09T21_00_00.000Z.json
500,2019-07-20T05_00_00.000Z.json
501,2019-01-26T21_00_00.000Z.json
502,2019-06-17T13_00_00.000Z.json
503,2019-05-13T21_00_00.000Z.json
504,2019-02-22T13_00_00.000Z.json
505,2019-03-15T05_00_00.000Z.json
506,2019-02-02T05_00_00.000Z.json
507,2019-04-04T21_00_00.000Z.json
508,2019-03-18T05_00_00.000Z.json
509,2019-07-30T21_00_00.000Z.json
510,2019-04-19T05_00_00.000Z.json
511,2019-03-05T21_00_00.000Z.json
512,2019-05-03T05_00_00.000Z.json
513,2019-04-14T05_00_00.000Z.json
514,2019-02-12T21_00_00.000Z.json
515,2019-05-23T13_00_00.000Z.json
516,2019-06-27T21_00_00.000Z.json
517,2019-01-16T13_00_00.000Z.json
518,2019-03-08T21_00_00.000Z.json
519,2019-04-04T13_00_00.000Z.json
520,2019-04-29T05_00_00.000Z.json
521,2019-01-06T05_00_00.000Z.json
522,2019-04-09T13_00_00.000Z.json
523,2019-06-17T21_00_00.000Z.json
524,2019-02-25T01_00_00.000Z.json
525,2019-01-26T13_00_00.000Z.json
526,2019-02-22T21_00_00.000Z.json
527,2019-05-13T13_00_00.000Z.json
528,2019-04-24T05_00_00.000Z.json
529,2019-03-25T05_00_00.000Z.json
530,2019-05-23T21_00_00.000Z.json
531,2019-02-12T13_00_00.000Z.json
532,2019-01-16T21_00_00.000Z.json
533,2019-06-27T13_00_00.000Z.json
534,2019-07-10T05_00_00.000Z.json
535,2019-03-08T13_00_00.000Z.json
536,2019-06-07T05_00_00.000Z.json
537,2019-03-28T05_00_00.000Z.json
538,2019-07-30T13_00_00.000Z.json
539,2019-03-05T13_00_00.000Z.json
540,2019-05-03T13_00_00.000Z.json
541,2019-04-19T13_00_00.000Z.json
542,2019-03-28T21_00_00.000Z.json
543,2019-06-07T21_00_00.000Z.json
544,2019-07-10T21_00_00.000Z.json
545,2019-01-16T05_00_00.000Z.json
546,2019-05-23T05_00_00.000Z.json
547,2019-04-14T13_00_00.000Z.json
548,2019-03-25T21_00_00.000Z.json
549,2019-03-15T13_00_00.000Z.json
550,2019-04-24T21_00_00.000Z.json
551,2019-02-22T05_00_00.000Z.json
552,2019-06-17T05_00_00.000Z.json
553,2019-07-20T13_00_00.000Z.json
554,2019-01-06T21_00_00.000Z.json
555,2019-03-18T13_00_00.000Z.json
556,2019-04-29T21_00_00.000Z.json
557,2019-02-02T13_00_00.000Z.json
558,2019-01-15T05_00_00.000Z.json
559,2019-07-13T21_00_00.000Z.json
560,2019-03-26T21_00_00.000Z.json
561,2019-04-17T13_00_00.000Z.json
562,2019-06-09T21_00_00.000Z.json
563,2019-05-20T05_00_00.000Z.json
564,2019-01-18T05_00_00.000Z.json
565,2019-06-04T21_00_00.000Z.json
566,2019-07-03T05_00_00.000Z.json
567,2019-01-05T21_00_00.000Z.json
568,2019-05-30T21_00_00.000Z.json
569,2019-06-19T05_00_00.000Z.json
570,2019-02-01T13_00_00.000Z.json
571,2019-01-08T21_00_00.000Z.json
572,2019-02-21T05_00_00.000Z.json
573,2019-04-27T21_00_00.000Z.json
574,2019-03-16T13_00_00.000Z.json
575,2019-07-23T13_00_00.000Z.json
576,2019-06-14T05_00_00.000Z.json
577,2019-01-25T13_00_00.000Z.json
578,2019-06-14T21_00_00.000Z.json
579,2019-04-27T05_00_00.000Z.json
580,2019-05-10T13_00_00.000Z.json
581,2019-02-21T21_00_00.000Z.json
582,2019-01-08T05_00_00.000Z.json
583,2019-04-07T13_00_00.000Z.json
584,2019-01-28T13_00_00.000Z.json
585,2019-06-19T21_00_00.000Z.json
586,2019-05-30T05_00_00.000Z.json
587,2019-01-05T05_00_00.000Z.json
588,2019-07-03T21_00_00.000Z.json
589,2019-06-04T05_00_00.000Z.json
590,2019-06-29T13_00_00.000Z.json
591,2019-01-18T21_00_00.000Z.json
592,2019-03-06T13_00_00.000Z.json
593,2019-02-11T13_00_00.000Z.json
594,2019-05-20T21_00_00.000Z.json
595,2019-06-09T05_00_00.000Z.json
596,2019-03-26T05_00_00.000Z.json
597,2019-07-13T05_00_00.000Z.json
598,2019-06-24T13_00_00.000Z.json
599,2019-01-15T21_00_00.000Z.json
600,2019-04-07T21_00_00.000Z.json
601,2019-06-19T13_00_00.000Z.json
602,2019-02-01T05_00_00.000Z.json
603,2019-01-28T21_00_00.000Z.json
604,2019-07-03T13_00_00.000Z.json
605,2019-06-14T13_00_00.000Z.json
606,2019-01-25T21_00_00.000Z.json
607,2019-07-23T05_00_00.000Z.json
608,2019-03-16T05_00_00.000Z.json
609,2019-02-21T13_00_00.000Z.json
610,2019-05-10T21_00_00.000Z.json
611,2019-05-20T13_00_00.000Z.json
612,2019-02-11T21_00_00.000Z.json
613,2019-04-17T05_00_00.000Z.json
614,2019-01-15T13_00_00.000Z.json
615,2019-06-24T21_00_00.000Z.json
616,2019-01-18T13_00_00.000Z.json
617,2019-06-29T21_00_00.000Z.json
618,2019-03-06T21_00_00.000Z.json
619,2019-03-06T05_00_00.000Z.json
620,2019-06-29T05_00_00.000Z.json
621,2019-06-04T13_00_00.000Z.json
622,2019-06-24T05_00_00.000Z.json
623,2019-07-13T13_00_00.000Z.json
624,2019-04-17T21_00_00.000Z.json
625,2019-03-26T13_00_00.000Z.json
626,2019-02-11T05_00_00.000Z.json
627,2019-06-09T13_00_00.000Z.json
628,2019-05-10T05_00_00.000Z.json
629,2019-01-08T13_00_00.000Z.json
630,2019-03-16T21_00_00.000Z.json
631,2019-04-27T13_00_00.000Z.json
632,2019-07-23T21_00_00.000Z.json
633,2019-01-25T05_00_00.000Z.json
634,2019-01-05T13_00_00.000Z.json
635,2019-01-28T05_00_00.000Z.json
636,2019-02-01T21_00_00.000Z.json
637,2019-05-30T13_00_00.000Z.json
638,2019-04-07T05_00_00.000Z.json
639,['2019-01-24T13_00_00.000Z.json']
640,2019-05-11T13_00_00.000Z.json
641,2019-05-11T13_00_00.000Z.json
642,2019-05-11T13_00_00.000Z.json
643,2019-05-11T13_00_00.000Z.json
644,2019-05-11T13_00_00.000Z.json
